-- phpMyAdmin SQL Dump
-- version 3.2.2
-- http://www.phpmyadmin.net
--
-- Host: cycle2.eecs.ku.edu
-- Generation Time: Sep 25, 2009 at 11:01 AM
-- Server version: 5.1.37
-- PHP Version: 5.2.9



/*!40101 SET @OLD_CHARACTER_SET_CLIENT=@@CHARACTER_SET_CLIENT */;
/*!40101 SET @OLD_CHARACTER_SET_RESULTS=@@CHARACTER_SET_RESULTS */;
/*!40101 SET @OLD_COLLATION_CONNECTION=@@COLLATION_CONNECTION */;
/*!40101 SET NAMES utf8 */;

--
--
--

-- --------------------------------------------------------

--
-- Table structure for table 'STUDENT'
--

DROP TABLE IF EXISTS STUDENT;
CREATE TABLE IF NOT EXISTS STUDENT (
  SID varchar(5) NOT NULL,
  DATE_IN_SCHOOL datetime DEFAULT NULL,
  NAME varchar(20) DEFAULT NULL,
  -- DIRECTOR varchar(20) DEFAULT NULL,
  -- BOOK_ID varchar(3) DEFAULT NULL,
  PRIMARY KEY (SID),
  KEY RENT_BOOK_FROM (RENT_BOOK_FROM)
);

--
-- Dumping data for table 'STUDENT'
--

INSERT INTO STUDENT (SID, DATE_IN_SCHOOL, NAME) VALUES('00001', '2015-07-05 00:00:00', 'Lee');
INSERT INTO STUDENT (SID, DATE_IN_SCHOOL, NAME) VALUES('00034', '2013-07-05 00:00:00', 'Smith');
INSERT INTO STUDENT (SID, DATE_IN_SCHOOL, NAME) VALUES('00056', '2013-08-14 00:00:00', 'John');
INSERT INTO STUDENT (SID, DATE_IN_SCHOOL, NAME) VALUES('00042', '2014-05-28 00:00:00', 'Ben');
INSERT INTO STUDENT (SID, DATE_IN_SCHOOL, NAME) VALUES('00009', '2016-07-01 00:00:00', 'Charlie');
INSERT INTO STUDENT (SID, DATE_IN_SCHOOL, NAME) VALUES('00015', '2015-07-15 00:00:00', 'Adams');
INSERT INTO STUDENT (SID, DATE_IN_SCHOOL, NAME) VALUES('00026', '2014-06-17 00:00:00', 'David');
INSERT INTO STUDENT (SID, DATE_IN_SCHOOL, NAME) VALUES('00055', '2016-07-20 00:00:00', 'Chris');
INSERT INTO STUDENT (SID, DATE_IN_SCHOOL, NAME) VALUES('00089', '2013-08-15 00:00:00', 'Frank');
INSERT INTO STUDENT (SID, DATE_IN_SCHOOL, NAME) VALUES('00069', '2014-06-15 00:00:00', 'Williams');
INSERT INTO STUDENT (SID, DATE_IN_SCHOOL, NAME) VALUES('00099', '2015-04-10 00:00:00', 'Matthew');

-- --------------------------------------------------------

--
-- Table structure for table 'LIBRARY'
--

DROP TABLE IF EXISTS LIBRARY;
CREATE TABLE IF NOT EXISTS LIBRARY (
  LIBRARY_NAME varchar(20) NOT NULL,
  LOCATION varchar(20) DEFAULT NULL,
  LIBRARIAN_NAME varchar(10) DEFAULT NULL,
  NUMOFBOOKS varchar(20) DEFAULT NULL,
  PHONE_NUM varchar(20) DEFAULT NULL,
  -- PHONE_NUM varchar(8) DEFAULT NULL,
  PRIMARY KEY (LIBRARY_NAME)
);

--
-- Dumping data for table 'LIBRARY'
-- New: PHONE_NUM

INSERT INTO LIBRARY (LIBRARY_NAME, LOCATION, LIBRARIAN_NAME, NUMOFBOOKS, PHONE_NUM) VALUES('Calligraph Library', '7100 Athens Rd', '8000', '6898989');
INSERT INTO LIBRARY (LIBRARY_NAME, LOCATION, LIBRARIAN_NAME, NUMOFBOOKS, PHONE_NUM) VALUES('Evening Hour Library', '8400 London Av', '5600', '4989884');
INSERT INTO LIBRARY (LIBRARY_NAME, LOCATION, LIBRARIAN_NAME, NUMOFBOOKS, PHONE_NUM) VALUES('Celestial Library', '5520 Quebec St', '8900', '1487844');
INSERT INTO LIBRARY (LIBRARY_NAME, LOCATION, LIBRARIAN_NAME, NUMOFBOOKS, PHONE_NUM) VALUES('Book Mark Library', '6170 Peshwar Pl', '14500', '9898982');
INSERT INTO LIBRARY (LIBRARY_NAME, LOCATION, LIBRARIAN_NAME, NUMOFBOOKS, PHONE_NUM) VALUES('Revelation Library', '2430 Nouakchott Av', '7700', '5478787');
INSERT INTO LIBRARY (LIBRARY_NAME, LOCATION, LIBRARIAN_NAME, NUMOFBOOKS, PHONE_NUM) VALUES('Grand Duchess Library', '4150 Sydney Pl', '9400', '2148787');
INSERT INTO LIBRARY (LIBRARY_NAME, LOCATION, LIBRARIAN_NAME, NUMOFBOOKS, PHONE_NUM) VALUES('Kings Library', '3290 Hermosillo St', '9900', '1297712');
INSERT INTO LIBRARY (LIBRARY_NAME, LOCATION, LIBRARIAN_NAME, NUMOFBOOKS, PHONE_NUM) VALUES('Queens Library', '2508 Dolor Av', '12000', '1647784');
INSERT INTO LIBRARY (LIBRARY_NAME, LOCATION, LIBRARIAN_NAME, NUMOFBOOKS, PHONE_NUM) VALUES('Knowledge Library', '1561 Duis Rd', '6900', '3267765');
INSERT INTO LIBRARY (LIBRARY_NAME, LOCATION, LIBRARIAN_NAME, NUMOFBOOKS, PHONE_NUM) VALUES('Plainfield Library', '5634 Montes Rd', '8800', '3164578');

-- --------------------------------------------------------

--
-- Table structure for table 'LIBRARIAN'
--

DROP TABLE IF EXISTS LIBRARIAN;
CREATE TABLE IF NOT EXISTS LIBRARIAN (
  ID varchar(5) NOT NULL,
  LIBRARIAN_NAME varchar(20) NOT NULL,
  OFFICE varchar(10) NOT NULL,
  -- OFFICE varchar(50) DEFAULT NULL,
  -- MANAGER varchar(20) DEFAULT NULL,
  PRIMARY KEY (BOOK_ID),
  KEY LIBRARIAN_NAME (LIBRARIAN_NAME)
);

--
-- Dumping data for table 'LIBRARIAN'
--

INSERT INTO LIBRARIAN (ID, LIBRARIAN_NAME, OFFICE) VALUES('00042', 'Ochoa', '004');
INSERT INTO LIBRARIAN (ID, LIBRARIAN_NAME, OFFICE) VALUES('00056', 'Trott', '012');
INSERT INTO LIBRARIAN (ID, LIBRARIAN_NAME, OFFICE) VALUES('00039', 'Zafar', '033');
INSERT INTO LIBRARIAN (ID, LIBRARIAN_NAME, OFFICE) VALUES('00011', 'White', '078');
INSERT INTO LIBRARIAN (ID, LIBRARIAN_NAME, OFFICE) VALUES('00008', 'Xiang', '099');
INSERT INTO LIBRARIAN (ID, LIBRARIAN_NAME, OFFICE) VALUES('00092', 'Yakub', '002');
INSERT INTO LIBRARIAN (ID, LIBRARIAN_NAME, OFFICE) VALUES('00062', 'Jones', '076');
INSERT INTO LIBRARIAN (ID, LIBRARIAN_NAME, OFFICE) VALUES('00053', 'Ghosh', '047');
INSERT INTO LIBRARIAN (ID, LIBRARIAN_NAME, OFFICE) VALUES('00021', 'Evans', '061');
INSERT INTO LIBRARIAN (ID, LIBRARIAN_NAME, OFFICE) VALUES('00077', 'Clark', '015');
INSERT INTO LIBRARIAN (ID, LIBRARIAN_NAME, OFFICE) VALUES('00076', 'Simba', '055');
INSERT INTO LIBRARIAN (ID, LIBRARIAN_NAME, OFFICE) VALUES('00039', 'Pumbaa', '008');

-- --------------------------------------------------------

--
-- Table structure for table 'BOOKS'
--

DROP TABLE IF EXISTS BOOKS;
CREATE TABLE IF NOT EXISTS BOOKS (
  BOOK_ID varchar(5) NOT NULL,
  PAGECOUNT varchar(25) DEFAULT NULL,
  TITLE varchar(20) DEFAULT NULL,
  GENRE varchar(20) DEFAULT NULL,
  --  int(11) DEFAULT NULL,
  PRIMARY KEY (BOOK_ID)
);

--
-- Dumping data for table 'BOOKS'
--

INSERT INTO BOOKS (BOOK_ID, PAGECOUNT, TITLE, GENRE ) VALUES('001', '560', 'Wonder', 'Children Fiction');
INSERT INTO BOOKS (BOOK_ID, PAGECOUNT, TITLE, GENRE ) VALUES('008', '760', 'Leadership: The Turbulent Times', 'Business');
INSERT INTO BOOKS (BOOK_ID, PAGECOUNT, TITLE, GENRE ) VALUES('009', '640', 'Simply Keto', 'cooking');
INSERT INTO BOOKS (BOOK_ID, PAGECOUNT, TITLE, GENRE ) VALUES('012', '230', 'Becoming', 'Biography');
INSERT INTO BOOKS (BOOK_ID, PAGECOUNT, TITLE, GENRE ) VALUES('020', '560', 'Growing up', 'Journalists');
INSERT INTO BOOKS (BOOK_ID, PAGECOUNT, TITLE, GENRE ) VALUES('022', '300', 'Gratitude', 'Medical');
INSERT INTO BOOKS (BOOK_ID, PAGECOUNT, TITLE, GENRE ) VALUES('025', '780', 'The Confessions', 'Philosophers');
INSERT INTO BOOKS (BOOK_ID, PAGECOUNT, TITLE, GENRE ) VALUES('028', '890', 'Tiger Woods', 'Sports');

-- --------------------------------------------------------

--
-- Table structure for table 'RENT_BOOK_FROM'
--

DROP TABLE IF EXISTS RENT_BOOK_FROM;
CREATE TABLE IF NOT EXISTS RENT_BOOK_FROM (
  SID varchar(5) NOT NULL,
  BOOK_ID varchar(20) NOT NULL,
  LIBRARY_NAME varchar(20) NOT NULL,
  -- CHEdatetime DEFAULT NULL,
  CHECKOUTDATE datetime DEFAULT NULL,
  DUEDATE datetime DEFAULT NULL,
  PRIMARY KEY (SID,BOOK_ID,LIBRARY_NAME),
  KEY SID (SID),
  KEY BOOK_ID (BOOK_ID),
  KEY LIBRARY_NAME (LIBRARY_NAME)

);

--
-- Dumping data for table 'RENT_BOOK_FROM'
--

INSERT INTO RENT_BOOK_FROM (SID, BOOK_ID, LIBRARIAN_NAME, CHECKOUTDATE, DUEDATE) VALUES('00089', '008', 'Yakub', '2013-08-05 00:00:00', '2013-09-11 00:00:00');
INSERT INTO RENT_BOOK_FROM (SID, BOOK_ID, LIBRARIAN_NAME, CHECKOUTDATE, DUEDATE) VALUES('00015', '005', 'Evans', '2015-07-05 00:00:00', '2015-07-01 00:00:00');
INSERT INTO RENT_BOOK_FROM (SID, BOOK_ID, LIBRARIAN_NAME, CHECKOUTDATE, DUEDATE) VALUES('00055', '022', 'Ghosh', '2016-07-08 00:00:00', '2016-07-12 00:00:00');
INSERT INTO RENT_BOOK_FROM (SID, BOOK_ID, LIBRARIAN_NAME, CHECKOUTDATE, DUEDATE) VALUES('00026', '020', 'Ochoa', '2015-08-14 00:00:00', '2016-08-24 00:00:00');
INSERT INTO RENT_BOOK_FROM (SID, BOOK_ID, LIBRARIAN_NAME, CHECKOUTDATE, DUEDATE) VALUES('00089', '028', 'White', '2014-03-28 00:00:00', '2014-03-10 00:00:00');
INSERT INTO RENT_BOOK_FROM (SID, BOOK_ID, LIBRARIAN_NAME, CHECKOUTDATE, DUEDATE) VALUES('00099', '009', 'Xiang', '2013-07-01 00:00:00', '2013-07-12 00:00:00');
INSERT INTO RENT_BOOK_FROM (SID, BOOK_ID, LIBRARIAN_NAME, CHECKOUTDATE, DUEDATE) VALUES('00009', '005', 'Pumbaa', '2016-07-15 00:00:00', '2016-07-20 00:00:00');
INSERT INTO RENT_BOOK_FROM (SID, BOOK_ID, LIBRARIAN_NAME, CHECKOUTDATE, DUEDATE) VALUES('00069', '012', 'Evans', '2014-07-20 00:00:00', '2014-07-22 00:00:00');
INSERT INTO RENT_BOOK_FROM (SID, BOOK_ID, LIBRARIAN_NAME, CHECKOUTDATE, DUEDATE) VALUES('00042', '028', 'Xiang', '2013-08-17 00:00:00', '2013-08-11 00:00:00');
INSERT INTO RENT_BOOK_FROM (SID, BOOK_ID, LIBRARIAN_NAME, CHECKOUTDATE, DUEDATE) VALUES('00034', '022', 'Simba', '2015-08-20 00:00:00', '2015-08-24 00:00:00');
INSERT INTO RENT_BOOK_FROM (SID, BOOK_ID, LIBRARIAN_NAME, CHECKOUTDATE, DUEDATE) VALUES('00001', '005', 'Trott', '2015-08-17 00:00:00', '2016-08-20 00:00:00');
INSERT INTO RENT_BOOK_FROM (SID, BOOK_ID, LIBRARIAN_NAME, CHECKOUTDATE, DUEDATE) VALUES('00026', '020', 'Simba', '2013-12-20 00:00:00', '2014-01-24 00:00:00');
INSERT INTO RENT_BOOK_FROM (SID, BOOK_ID, LIBRARIAN_NAME, CHECKOUTDATE, DUEDATE) VALUES('00069', '022', 'Zafar', '2016-12-24 00:00:00', '2016-12-27 00:00:00');
INSERT INTO RENT_BOOK_FROM (SID, BOOK_ID, LIBRARIAN_NAME, CHECKOUTDATE, DUEDATE) VALUES('00034', '028', 'Pumbaa', '2014-01-15 00:00:00', '2015-01-22 00:00:00');
INSERT INTO RENT_BOOK_FROM (SID, BOOK_ID, LIBRARIAN_NAME, CHECKOUTDATE, DUEDATE) VALUES('00089', '005', 'Simba', '2015-05-15 00:00:00', '2015-05-11 00:00:00');
INSERT INTO RENT_BOOK_FROM (SID, BOOK_ID, LIBRARIAN_NAME, CHECKOUTDATE, DUEDATE) VALUES('00056', '005', 'Clark', '2013-10-10 00:00:00', '2014-09-12 00:00:00');

-- --------------------------------------------------------

--
-- Table structure for table 'VOYAGE'
--

-- DROP TABLE IF EXISTS VOYAGE;
-- CREATE TABLE IF NOT EXISTS VOYAGE (
--   LIBRARY_NAME varchar(5) NOT NULL,
--   SID varchar(5) NOT NULL,
--   ROOMNUM varchar(3) DEFAULT NULL,
--   FARE float DEFAULT NULL,
--   PRIMARY KEY (LIBRARY_NAME,SID)
-- );
--
-- --
-- -- Dumping data for table 'VOYAGE'
-- --
--
-- INSERT INTO VOYAGE (LIBRARY_NAME, SID, ROOMNUM, FARE) VALUES('11548', '21664', '102', 45);
-- INSERT INTO VOYAGE (LIBRARY_NAME, SID, ROOMNUM, FARE) VALUES('11797', '11111', '302', 65);
-- INSERT INTO VOYAGE (LIBRARY_NAME, SID, ROOMNUM, FARE) VALUES('11797', '23007', '115', 54);
-- INSERT INTO VOYAGE (LIBRARY_NAME, SID, ROOMNUM, FARE) VALUES('11797', '27045', '122', 65);
-- INSERT INTO VOYAGE (LIBRARY_NAME, SID, ROOMNUM, FARE) VALUES('12316', '24288', '305', 65);
-- INSERT INTO VOYAGE (LIBRARY_NAME, SID, ROOMNUM, FARE) VALUES('12323', '26964', '112', 42);
-- INSERT INTO VOYAGE (LIBRARY_NAME, SID, ROOMNUM, FARE) VALUES('12345', '11111', '311', 43);
-- INSERT INTO VOYAGE (LIBRARY_NAME, SID, ROOMNUM, FARE) VALUES('12345', '27045', '125', 40);
-- INSERT INTO VOYAGE (LIBRARY_NAME, SID, ROOMNUM, FARE) VALUES('13479', '28532', '203', 38);
-- INSERT INTO VOYAGE (LIBRARY_NAME, SID, ROOMNUM, FARE) VALUES('13797', '29191', '208', 48);
-- INSERT INTO VOYAGE (LIBRARY_NAME, SID, ROOMNUM, FARE) VALUES('34679', '21664', '309', 47);
-- INSERT INTO VOYAGE (LIBRARY_NAME, SID, ROOMNUM, FARE) VALUES('34679', '29890', '201', 55);
-- INSERT INTO VOYAGE (LIBRARY_NAME, SID, ROOMNUM, FARE) VALUES('34871', '35218', '310', 45);
-- INSERT INTO VOYAGE (LIBRARY_NAME, SID, ROOMNUM, FARE) VALUES('37497', '37894', '123', 58);
