-- phpMyAdmin SQL Dump
-- version 3.2.2
-- http://www.phpmyadmin.net
--
-- Host: cycle2.eecs.ku.edu
-- Generation Time: Sep 25, 2009 at 11:01 AM
-- Server version: 5.1.37
-- PHP Version: 5.2.9



/*!40101 SET @OLD_CHARACTER_SET_CLIENT=@@CHARACTER_SET_CLIENT */;
/*!40101 SET @OLD_CHARACTER_SET_RESULTS=@@CHARACTER_SET_RESULTS */;
/*!40101 SET @OLD_COLLATION_CONNECTION=@@COLLATION_CONNECTION */;
/*!40101 SET NAMES utf8 */;

--
--
--

-- --------------------------------------------------------

--
-- Table structure for table 'CRUISE'
--

DROP TABLE IF EXISTS CRUISE;
CREATE TABLE IF NOT EXISTS CRUISE (
  CRUISENUM varchar(5) NOT NULL,
  STARTDATE datetime DEFAULT NULL,
  ENDDATE datetime DEFAULT NULL,
  DIRECTOR varchar(20) DEFAULT NULL,
  SHIPNUM varchar(3) DEFAULT NULL,
  PRIMARY KEY (CRUISENUM),
  KEY SHIPNUM (SHIPNUM)
);

--
-- Dumping data for table 'CRUISE'
--

INSERT INTO CRUISE (CRUISENUM, STARTDATE, ENDDATE, DIRECTOR, SHIPNUM) VALUES('11111', '2003-07-05 00:00:00', '2003-09-11 00:00:00', 'Lee', '008');
INSERT INTO CRUISE (CRUISENUM, STARTDATE, ENDDATE, DIRECTOR, SHIPNUM) VALUES('21664', '2002-07-05 00:00:00', '2002-07-12 00:00:00', 'Smith', '009');
INSERT INTO CRUISE (CRUISENUM, STARTDATE, ENDDATE, DIRECTOR, SHIPNUM) VALUES('23007', '2002-08-14 00:00:00', '2002-08-24 00:00:00', 'Chen', '005');
INSERT INTO CRUISE (CRUISENUM, STARTDATE, ENDDATE, DIRECTOR, SHIPNUM) VALUES('24288', '2003-03-28 00:00:00', '2003-04-04 00:00:00', 'Smith', '009');
INSERT INTO CRUISE (CRUISENUM, STARTDATE, ENDDATE, DIRECTOR, SHIPNUM) VALUES('26964', '2003-07-01 00:00:00', '2003-07-11 00:00:00', 'Gomez', '020');
INSERT INTO CRUISE (CRUISENUM, STARTDATE, ENDDATE, DIRECTOR, SHIPNUM) VALUES('27045', '2003-07-15 00:00:00', '2003-07-22 00:00:00', 'Adams', '012');
INSERT INTO CRUISE (CRUISENUM, STARTDATE, ENDDATE, DIRECTOR, SHIPNUM) VALUES('28532', '2003-08-17 00:00:00', '2003-08-24 00:00:00', 'Adams', '012');
INSERT INTO CRUISE (CRUISENUM, STARTDATE, ENDDATE, DIRECTOR, SHIPNUM) VALUES('29191', '2003-12-20 00:00:00', '2003-12-27 00:00:00', 'Jones', '009');
INSERT INTO CRUISE (CRUISENUM, STARTDATE, ENDDATE, DIRECTOR, SHIPNUM) VALUES('29890', '2004-01-15 00:00:00', '2004-01-22 00:00:00', 'Levin', '020');
INSERT INTO CRUISE (CRUISENUM, STARTDATE, ENDDATE, DIRECTOR, SHIPNUM) VALUES('35218', '2004-05-15 00:00:00', '2004-05-29 00:00:00', 'Williams', '009');
INSERT INTO CRUISE (CRUISENUM, STARTDATE, ENDDATE, DIRECTOR, SHIPNUM) VALUES('37894', '2004-10-10 00:00:00', '2004-10-22 00:00:00', 'Chen', '020');

-- --------------------------------------------------------

--
-- Table structure for table 'PASSENGER'
--

DROP TABLE IF EXISTS PASSENGER;
CREATE TABLE IF NOT EXISTS PASSENGER (
  PASSENGERNUM varchar(5) NOT NULL,
  PASSENGERNAME varchar(20) DEFAULT NULL,
  SOCSECNUM varchar(11) DEFAULT NULL,
  ADDRESS varchar(20) DEFAULT NULL,
  PHONE varchar(8) DEFAULT NULL,
  PRIMARY KEY (PASSENGERNUM)
);

--
-- Dumping data for table 'PASSENGER'
--

INSERT INTO PASSENGER (PASSENGERNUM, PASSENGERNAME, SOCSECNUM, ADDRESS, PHONE) VALUES('11548', 'Dunlap', '124579746', '102 Washting Ave', '6898989');
INSERT INTO PASSENGER (PASSENGERNUM, PASSENGERNAME, SOCSECNUM, ADDRESS, PHONE) VALUES('11797', 'Brown', '568859855', '2549 Lincon St', '4989884');
INSERT INTO PASSENGER (PASSENGERNUM, PASSENGERNAME, SOCSECNUM, ADDRESS, PHONE) VALUES('12316', 'Smith', '241579776', '3457 Patterson Ave', '1487844');
INSERT INTO PASSENGER (PASSENGERNUM, PASSENGERNAME, SOCSECNUM, ADDRESS, PHONE) VALUES('12323', 'Rogers', '356787494', '245 Watauga', '9898982');
INSERT INTO PASSENGER (PASSENGERNUM, PASSENGERNAME, SOCSECNUM, ADDRESS, PHONE) VALUES('12345', 'Douglas', '123456678', '202 Brister', '5478787');
INSERT INTO PASSENGER (PASSENGERNUM, PASSENGERNAME, SOCSECNUM, ADDRESS, PHONE) VALUES('13479', 'Bean', '689898982', '103 Foster Cove', '2148787');
INSERT INTO PASSENGER (PASSENGERNUM, PASSENGERNAME, SOCSECNUM, ADDRESS, PHONE) VALUES('13797', 'Atkins', '549889898', '1345 Walnut', '1297712');
INSERT INTO PASSENGER (PASSENGERNUM, PASSENGERNAME, SOCSECNUM, ADDRESS, PHONE) VALUES('34679', 'Jones', '187416549', '120 Texas Ave', '1647784');
INSERT INTO PASSENGER (PASSENGERNUM, PASSENGERNAME, SOCSECNUM, ADDRESS, PHONE) VALUES('34871', 'Marshall', '317979774', '144 Walker', '3267765');
INSERT INTO PASSENGER (PASSENGERNUM, PASSENGERNAME, SOCSECNUM, ADDRESS, PHONE) VALUES('37497', 'Kenneth', '167891646', '1201 Cooper', '3164578');

-- --------------------------------------------------------

--
-- Table structure for table 'PORT'
--

DROP TABLE IF EXISTS PORT;
CREATE TABLE IF NOT EXISTS PORT (
  PORTNAME varchar(20) NOT NULL,
  COUNTRY varchar(20) NOT NULL,
  NUMDOCKS varchar(50) DEFAULT NULL,
  MANAGER varchar(20) DEFAULT NULL,
  PRIMARY KEY (PORTNAME,COUNTRY),
  KEY COUNTRY (COUNTRY)
);

--
-- Dumping data for table 'PORT'
--

INSERT INTO PORT (PORTNAME, COUNTRY, NUMDOCKS, MANAGER) VALUES('Caracas', 'Venezuela', '4', 'Lopez');
INSERT INTO PORT (PORTNAME, COUNTRY, NUMDOCKS, MANAGER) VALUES('Halifax', 'Canada', '5', 'Moore');
INSERT INTO PORT (PORTNAME, COUNTRY, NUMDOCKS, MANAGER) VALUES('La Plata', 'Venezuela', '2', 'Perez');
INSERT INTO PORT (PORTNAME, COUNTRY, NUMDOCKS, MANAGER) VALUES('Maracaibo', 'Venezuela', '3', 'Gonzalez');
INSERT INTO PORT (PORTNAME, COUNTRY, NUMDOCKS, MANAGER) VALUES('Miami', 'United States', '4', 'Young');
INSERT INTO PORT (PORTNAME, COUNTRY, NUMDOCKS, MANAGER) VALUES('Naples', 'Italy', '5', 'Angelo');
INSERT INTO PORT (PORTNAME, COUNTRY, NUMDOCKS, MANAGER) VALUES('New Orleans', 'United States', '6', 'Smith');
INSERT INTO PORT (PORTNAME, COUNTRY, NUMDOCKS, MANAGER) VALUES('New York', 'United States', '8', 'Green');
INSERT INTO PORT (PORTNAME, COUNTRY, NUMDOCKS, MANAGER) VALUES('Palermo', 'Italy', '3', 'Romano');
INSERT INTO PORT (PORTNAME, COUNTRY, NUMDOCKS, MANAGER) VALUES('Tacoma', 'United States', '3', 'Johnson');
INSERT INTO PORT (PORTNAME, COUNTRY, NUMDOCKS, MANAGER) VALUES('Vancouver', 'Canada', '6', 'Brents');
INSERT INTO PORT (PORTNAME, COUNTRY, NUMDOCKS, MANAGER) VALUES('Venice', 'Italy', '6', 'San Pietro');

-- --------------------------------------------------------

--
-- Table structure for table 'SHIP'
--

DROP TABLE IF EXISTS SHIP;
CREATE TABLE IF NOT EXISTS SHIP (
  SHIPNUM varchar(3) NOT NULL,
  SHIPNAME varchar(25) DEFAULT NULL,
  BUILDER varchar(20) DEFAULT NULL,
  LAUNCHDATE datetime DEFAULT NULL,
  WEIGHT int(11) DEFAULT NULL,
  PRIMARY KEY (SHIPNUM)
);

--
-- Dumping data for table 'SHIP'
--

INSERT INTO SHIP (SHIPNUM, SHIPNAME, BUILDER, LAUNCHDATE, WEIGHT) VALUES('005', 'Sea Joy', 'Master', '1999-02-01 00:00:00', 80000);
INSERT INTO SHIP (SHIPNUM, SHIPNAME, BUILDER, LAUNCHDATE, WEIGHT) VALUES('008', 'The Spirit of Nashville', 'Ajax', '2003-01-30 00:00:00', 78000);
INSERT INTO SHIP (SHIPNUM, SHIPNAME, BUILDER, LAUNCHDATE, WEIGHT) VALUES('009', 'Ocean TV', 'Ajax', '2003-05-15 00:00:00', 75000);
INSERT INTO SHIP (SHIPNUM, SHIPNAME, BUILDER, LAUNCHDATE, WEIGHT) VALUES('012', 'Prince Al', 'Ajax', '2004-04-20 00:00:00', 90000);
INSERT INTO SHIP (SHIPNUM, SHIPNAME, BUILDER, LAUNCHDATE, WEIGHT) VALUES('020', 'Queen Shirley', 'Master', '1999-10-11 00:00:00', 85000);
INSERT INTO SHIP (SHIPNUM, SHIPNAME, BUILDER, LAUNCHDATE, WEIGHT) VALUES('022', 'Pacific Blue', 'Ace', '2000-05-01 00:00:00', 65000);
INSERT INTO SHIP (SHIPNUM, SHIPNAME, BUILDER, LAUNCHDATE, WEIGHT) VALUES('025', 'Princess', 'Ace', '1998-02-01 00:00:00', 58000);
INSERT INTO SHIP (SHIPNUM, SHIPNAME, BUILDER, LAUNCHDATE, WEIGHT) VALUES('028', 'Oceania', 'Ace', '2001-08-10 00:00:00', 55000);

-- --------------------------------------------------------

--
-- Table structure for table 'VISIT'
--

DROP TABLE IF EXISTS VISIT;
CREATE TABLE IF NOT EXISTS VISIT (
  CRUISENUM varchar(5) NOT NULL,
  PORTNAME varchar(20) NOT NULL,
  COUNTRY varchar(20) NOT NULL,
  ARRDATE datetime DEFAULT NULL,
  DEPDATE datetime DEFAULT NULL,
  PRIMARY KEY (CRUISENUM,PORTNAME,COUNTRY),
  KEY PORTNAME (PORTNAME),
  KEY COUNTRY (COUNTRY)
);

--
-- Dumping data for table 'VISIT'
--

INSERT INTO VISIT (CRUISENUM, PORTNAME, COUNTRY, ARRDATE, DEPDATE) VALUES('11111', 'New York', 'United States', '2003-08-05 00:00:00', '2003-09-11 00:00:00');
INSERT INTO VISIT (CRUISENUM, PORTNAME, COUNTRY, ARRDATE, DEPDATE) VALUES('21664', 'Naples', 'Italy', '2002-07-05 00:00:00', '2002-07-08 00:00:00');
INSERT INTO VISIT (CRUISENUM, PORTNAME, COUNTRY, ARRDATE, DEPDATE) VALUES('21664', 'Palermo', 'Italy', '2002-07-08 00:00:00', '2002-07-12 00:00:00');
INSERT INTO VISIT (CRUISENUM, PORTNAME, COUNTRY, ARRDATE, DEPDATE) VALUES('23007', 'Venice', 'Italy', '2002-08-14 00:00:00', '2002-08-24 00:00:00');
INSERT INTO VISIT (CRUISENUM, PORTNAME, COUNTRY, ARRDATE, DEPDATE) VALUES('24288', 'Palermo', 'Italy', '2003-03-28 00:00:00', '2003-04-04 00:00:00');
INSERT INTO VISIT (CRUISENUM, PORTNAME, COUNTRY, ARRDATE, DEPDATE) VALUES('26964', 'New York', 'United States', '2003-07-01 00:00:00', '2003-07-11 00:00:00');
INSERT INTO VISIT (CRUISENUM, PORTNAME, COUNTRY, ARRDATE, DEPDATE) VALUES('27045', 'Caracas', 'Venezuela', '2003-07-15 00:00:00', '2003-07-20 00:00:00');
INSERT INTO VISIT (CRUISENUM, PORTNAME, COUNTRY, ARRDATE, DEPDATE) VALUES('27045', 'Maracaibo', 'Venezuela', '2003-07-20 00:00:00', '2003-07-22 00:00:00');
INSERT INTO VISIT (CRUISENUM, PORTNAME, COUNTRY, ARRDATE, DEPDATE) VALUES('28532', 'Caracas', 'Venezuela', '2003-08-17 00:00:00', '2003-08-20 00:00:00');
INSERT INTO VISIT (CRUISENUM, PORTNAME, COUNTRY, ARRDATE, DEPDATE) VALUES('28532', 'La Plata', 'Venezuela', '2003-08-20 00:00:00', '2003-08-24 00:00:00');
INSERT INTO VISIT (CRUISENUM, PORTNAME, COUNTRY, ARRDATE, DEPDATE) VALUES('28532', 'Maracaibo', 'Venezuela', '2003-08-17 00:00:00', '2003-08-24 00:00:00');
INSERT INTO VISIT (CRUISENUM, PORTNAME, COUNTRY, ARRDATE, DEPDATE) VALUES('29191', 'New Orleans', 'United States', '2003-12-20 00:00:00', '2003-12-24 00:00:00');
INSERT INTO VISIT (CRUISENUM, PORTNAME, COUNTRY, ARRDATE, DEPDATE) VALUES('29191', 'Tacoma', 'United States', '2003-12-24 00:00:00', '2003-12-27 00:00:00');
INSERT INTO VISIT (CRUISENUM, PORTNAME, COUNTRY, ARRDATE, DEPDATE) VALUES('29890', 'Halifax', 'Canada', '5004-01-15 00:00:00', '2004-01-22 00:00:00');
INSERT INTO VISIT (CRUISENUM, PORTNAME, COUNTRY, ARRDATE, DEPDATE) VALUES('35218', 'Vancouver', 'Canada', '2004-05-15 00:00:00', '2004-05-29 00:00:00');
INSERT INTO VISIT (CRUISENUM, PORTNAME, COUNTRY, ARRDATE, DEPDATE) VALUES('37894', 'Miami', 'United States', '2004-10-10 00:00:00', '2004-10-22 00:00:00');

-- --------------------------------------------------------

--
-- Table structure for table 'VOYAGE'
--

DROP TABLE IF EXISTS VOYAGE;
CREATE TABLE IF NOT EXISTS VOYAGE (
  PASSENGERNUM varchar(5) NOT NULL,
  CRUISENUM varchar(5) NOT NULL,
  ROOMNUM varchar(3) DEFAULT NULL,
  FARE float DEFAULT NULL,
  PRIMARY KEY (PASSENGERNUM,CRUISENUM)
);

--
-- Dumping data for table 'VOYAGE'
--

INSERT INTO VOYAGE (PASSENGERNUM, CRUISENUM, ROOMNUM, FARE) VALUES('11548', '21664', '102', 45);
INSERT INTO VOYAGE (PASSENGERNUM, CRUISENUM, ROOMNUM, FARE) VALUES('11797', '11111', '302', 65);
INSERT INTO VOYAGE (PASSENGERNUM, CRUISENUM, ROOMNUM, FARE) VALUES('11797', '23007', '115', 54);
INSERT INTO VOYAGE (PASSENGERNUM, CRUISENUM, ROOMNUM, FARE) VALUES('11797', '27045', '122', 65);
INSERT INTO VOYAGE (PASSENGERNUM, CRUISENUM, ROOMNUM, FARE) VALUES('12316', '24288', '305', 65);
INSERT INTO VOYAGE (PASSENGERNUM, CRUISENUM, ROOMNUM, FARE) VALUES('12323', '26964', '112', 42);
INSERT INTO VOYAGE (PASSENGERNUM, CRUISENUM, ROOMNUM, FARE) VALUES('12345', '11111', '311', 43);
INSERT INTO VOYAGE (PASSENGERNUM, CRUISENUM, ROOMNUM, FARE) VALUES('12345', '27045', '125', 40);
INSERT INTO VOYAGE (PASSENGERNUM, CRUISENUM, ROOMNUM, FARE) VALUES('13479', '28532', '203', 38);
INSERT INTO VOYAGE (PASSENGERNUM, CRUISENUM, ROOMNUM, FARE) VALUES('13797', '29191', '208', 48);
INSERT INTO VOYAGE (PASSENGERNUM, CRUISENUM, ROOMNUM, FARE) VALUES('34679', '21664', '309', 47);
INSERT INTO VOYAGE (PASSENGERNUM, CRUISENUM, ROOMNUM, FARE) VALUES('34679', '29890', '201', 55);
INSERT INTO VOYAGE (PASSENGERNUM, CRUISENUM, ROOMNUM, FARE) VALUES('34871', '35218', '310', 45);
INSERT INTO VOYAGE (PASSENGERNUM, CRUISENUM, ROOMNUM, FARE) VALUES('37497', '37894', '123', 58);
